{"templates":[{"icon":"love.png","screenWidth":"375","screenHeight":"667","points":[{"x":"188","y":"115"},{"x":"166","y":"97"},{"x":"110","y":"96"},{"x":"88","y":"113"},{"x":"75","y":"138"},{"x":"73","y":"166"},{"x":"81","y":"193"},{"x":"96","y":"218"},{"x":"115","y":"239"},{"x":"138","y":"257"},{"x":"162","y":"272"},{"x":"187","y":"285"},{"x":"209","y":"98"},{"x":"237","y":"90"},{"x":"267","y":"97"},{"x":"289","y":"114"},{"x":"301","y":"140"},{"x":"302","y":"168"},{"x":"294","y":"196"},{"x":"279","y":"220"},{"x":"259","y":"240"},{"x":"237","y":"258"},{"x":"212","y":"273"}]},{"icon":"flower.png","screenWidth":"375","screenHeight":"667","points":[{"x":"102","y":"218"},{"x":"83","y":"200"},{"x":"75","y":"177"},{"x":"79","y":"153"},{"x":"94","y":"133"},{"x":"115","y":"121"},{"x":"138","y":"115"},{"x":"146","y":"95"},{"x":"164","y":"80"},{"x":"188","y":"74"},{"x":"212","y":"80"},{"x":"230","y":"95"},{"x":"239","y":"115"},{"x":"264","y":"122"},{"x":"286","y":"134"},{"x":"299","y":"155"},{"x":"302","y":"179"},{"x":"293","y":"203"},{"x":"275","y":"220"},{"x":"281","y":"224"},{"x":"273","y":"268"},{"x":"255","y":"285"},{"x":"232","y":"293"},{"x":"207","y":"288"},{"x":"188","y":"276"},{"x":"167","y":"289"},{"x":"143","y":"292"},{"x":"119","y":"283"},{"x":"103","y":"265"},{"x":"96","y":"242"},{"x":"161","y":"216"},{"x":"151","y":"192"},{"x":"159","y":"179"},{"x":"179","y":"155"},{"x":"204","y":"157"},{"x":"221","y":"174"},{"x":"224","y":"199"},{"x":"212","y":"220"},{"x":"186","y":"227"}]}]}